test001.py,Pass
test002.py,Pass
test003.py,Pass
test001.py,Pass
test002.py,Pass
test003.py,Pass
test004.py,Fail
test001.py,Pass
test002.py,Pass
test003.py,Pass
test004.py,Fail
test001.py,Pass
test002.py,Pass
test003.py,Pass
test004.py,Fail
test001.py,Pass
test002.py,Pass
test003.py,Pass
test001.py,Pass
test002.py,Pass
test003.py,Pass
test004.py,Fail
test001.py,Pass
test002.py,Pass
test003.py,Pass
test004.py,Fail
test001.py,Pass
test002.py,Pass
test003.py,Pass
test004.py,Fail
test001.py,Pass
test002.py,Pass
test003.py,Pass
test001.py,Pass
test002.py,Pass
test003.py,Pass

test001.py,Pass
test002.py,Pass
test003.py,Pass
test001.py,Pass
test002.py,Pass
test003.py,Pass
test004.py,Fail
test001.py,Pass
test002.py,Pass
test003.py,Pass
test004.py,Fail
test002.py,Pass
test003.py,Pass
test001.py,Pass
test001.py,Pass
test002.py,Pass
test003.py,Pass
test001.py,Pass
test002.py,Pass
test003.py,Pass
test004.py,Fail
test002.py,Pass
test003.py,Pass
test001.py,Pass
test001.py,Pass
test002.py,Pass
test003.py,Pass
test001.py,Pass
test002.py,Pass
test003.py,Pass